Asset Name,Asset Category,Asset Description,Industry,Domain,Value Delivered/Key KPIs,Tech/AI/Core Capabilities,Number of projects,Clients Live with,Key Accounts/Clients,Client Feedback/Success Stories,Project PPMDs,Asset Lead,Positive Client Feedback Percentage,Keyword tagging,Image Tagging,IMO Category,Buyer Types,Outcome,Gift Baskets
Digital Clinician,Solution ,"Digital Clinician offers Artificial Intelligence algorithms find & highlight relevant information in clinical documentation, utilize clinical context / criteria to call out key pieces of the records, and identify the type of document & encounter date on each page of the record (table of contents). It offers a single-location view of all clinically relevant information through a purpose-built UI to streamline reviews. The goal of the Digital Clinician tool is to streamline the receipt and processing of medical records required for medical necessity review by guiding users to the most relevant information.",Healthcare ,Health Plan - CM/UM,"Reduced TAT of Pre Auth Review, Improve accuracy of pre-auth approvals.","AI, NLP, OCR, Document type identification and classification of a clinical record, service and date extraction, relevant clinical information surfacing and highlighting. ntent matching and highlightingExtracts service or encounter dates, Retrieves, displays and highlights specific content within clinical record that matches applicable clinical guideline (ex. MCG, CMS) or medical policy text",2,1,"Anthem, Humana",TBD,Art Fitts,Balaji Ramdoss,TBD,"PA, pre-auth, pre auth, pre-authorization, pre authorization, pre auth approval, pre-auth approval, pre-authorization approval, pre authorization approval, auto approval, reduced TAT, pre authorization decision making, PA decisioning, Prior authorization decisioning, Prior auth decisioning, Prior-auth decisioning information surfacing, clinical information, smart nurse asisstant, NLP, AI, ML, Artificial Intelligence, extraction, claims, claims management, health plan, plan, CM",Digital Clinician.png,"HC Operations Modernization,Care Delivery Transformation,Data & AI",Operational Executive,Optimize Supply & Service Costs,"Digital Technology Optimization,Operating Model Alignment,Patient Experience Improvement,AI Insights & Engagement"
Smart UM,Solution ,"Deloitte and Google have partnered on a solution that uses the latest interoperability standards (FHIR Da Vinci, CDS Hooks) to make prior authorization necessity clear to provider staff, and machine learning to automate prior authorization decisioning for plans, accelerating response times and reducing administrative burden. Deloitte's Smart UM is able to improve experiences and reduce administrative burden by - Increasing awareness of PA necessity, Reduce submission errors & timeliness, Empowering physicians & members to have conversations on care, coverage, & costs, Integrating with Plan PA Decisioning Methodologies
",Healthcare ,Health Plan - CM/UM,"80% reduction in cases sent for manual review, 5-10% reduction in plan administrative expense, 30 - 50% reduction in auth related call center volume, 25% decrease in medical costs for steered care. ","FHIR Da Vinci, CDS Hooks",2,1,"Anthem, Humana",TBD,Dhiman Lahiri ,Rohit Taneja,TBD,"Claims, claims management, PA neccessity, PA, pre-auth, pre auth, pre-authorization, pre authorization, pre auth approval, pre-auth approval, pre-authorization approval, pre authorization approval, auto approval, PA decisioning, Prior authorization decisioning, Prior auth decisioning, Prior-auth decisioning, utilization management, UM, CM, health plan, plan, Interoperatability, ML, response time, manual review, submission errors, PA errors, FHIR, AI, ML, Artificial Intelligence, machine learning",Smart UM.jpg,"Care Delivery Transformation,Data & AI",Operational Executive,Optimize Supply & Service Costs,"Digital Technology Optimization,Operating Model Alignment,Patient Experience Improvement,AI Insights & Engagement"
Digital Examiner,Solution ,"Deloitte's Digital Examiner is a machine learning based Claims examiner, which observes, learns and mimics human claims examiners and allows an automated ability to pay, reject or adjust any claim. Digital Examiner can capture combinations of examiner actions and decisions made during manual claim processing, build decision matrices using AI to predict claims outcomes and apply model predicted outcomes to claim using cognitive agents and automation tools. Digital examiner was projected to reduce manual effort by 50% in 12 months, resulting in $35M+ savings per year at one of our clients with the potential for increased savings from planned migrations. ",Healthcare ,Health Plan - Claims ,"Projected decrease in manual processing by 50%, increase in auto-adjudication rate, decrease in claim adjustment rate, increase in overall claim processing accuracy, resulting in an operational savings of $35M per year.","Benefits Helper Model (which are capable of applying benefits on claims where required), UM Tagging Helper Models (Models are capable of tagging UM authorizations on claims where it is required), Other Helper Models (as more data is collected, additional helper models will be created)",1,1,Anthem,TBD,Art Fitts,Balaji Ramdoss,TBD,"Claims, claims examiner, cognitive agents, claims predictor, auto-adjudication rate, auto-adjudication, auto adjudication, migration planner, ML, Machine learning, AI, Artificial Intelligence, digital examiner, plan, health plan, adjust claim, pay claim, claim processing",Digital Examiner.jpg,"HC Operations Modernization,Care Delivery Transformation,Data & AI",Operational Executive,Optimize Supply & Service Costs,Digital Technology Optimization
High Dollar Claims,Solution ,"There is a significant opportunity to apply AI methods to automate manual high dollar audits, leading to reductions in manual efforts while simultaneously increasing audit efficiency and accuracy. Deloitte's High Dollar Claims solution automates the high dollar audit review for claims that have no adjudication issue, leaving only the truly complex high dollar claims for human review. High Dollar Claims recently implemented at a national health plan is projected to reduce manual effort by 35%, resulting in $3M labor savings per year with additional savings through reduced overpayment and prompt pay penalties.",Healthcare ,Health Plan - Claims ,"Reduce high claims operational costs, increase audit accuracy, reduce overpayment and prompy pay penalties.","Identify all data reviewed by auditors to determine if the claim has an adjudication issue?, utilize a predictive model to identify claims that do not have any adjudication issue and can be finalized without an audit review, Apply model predictions using a series of automation tools on live claims to automate audit with low risk of adjudication issue",1,1,Anthem,TBD,Art Fitts,Balaji Ramdoss,TBD,"AI, health plan, plan, Artificial Intelligence, automation, audit, audit review, high dollar audits, adjudication, over-payment, over payment, pay penalities, live claims automation, live claims, claims, high value claim, high value claims, manual audit",High Dollar Claims.png,"HC Operations Modernization,Care Delivery Transformation,Data & AI",Operational Executive,Optimize Supply & Service Costs,"Operating Model Alignment,Health System Operations Optimization"
Program Integrity - Pallium / Fwa Ai,Solution ,"The FWA / Pallium AI/ML based models can be used to monitor program integrity and identify fraud, waste, and abuse to identify claims-based savings for healthcare payors. The model utilizes supervised and unsupervised learning to train models to identify patterns and separate data into different groups as well as forecast future actions. The model can identify the likelihood of a claim to be overpaid before the original claim goes out for payment, thereby reducing the cost of recovery. The model can also use sparse data estimation to identify unlikely charges. ",Healthcare ,Health Plan - Claims,"Identified 1.2M claims and 610M of outlier non-retail drug spend per year resulting in $61M projected savings potential per year, Identified 33k claims and $54M in payments with potential upcoding per year resulting in $4M projected realizable savings per year.","Parrot Model / In-Sourcing Pre-Pay: Predict vendor results and outputs for claims flagged pre-pay, Upcoding: Identify patterns of low likelihood coding and claim data combinations raise a claims risk, Cost Overage: Identify suspects high treatment costs based on cumulative distribution of the range of cost, Drug dosage anomaly detection: Identify drug dosages that are outside expected ranges and may be inappropriate",TBD,TBD,TBD,TBD,Art Fitts,Art Fitts,TBD,"Pallium, FWA, AI, ML, Artificial Intelligence, Machine Learning, health plan, plan, integrity, fraud, claims risk, claims based saving, cost of recovery, drug dosage anomaly, cost coverage, claims, program integrity, claims payment, claim payment, claim, upcoding",Program Integrity.png,Data & AI,Financial Executive,Improve ROIC & ROA,"Operating Model Alignment,Health System Operations Optimization,AI Insights & Engagement,Data Modernization & Analytics"
Intelligent Secure Messaging,Solution,"Deloitte followed a two-pronged artificial intelligence driven approach to decrease manual effort: 1.Preemptive Communication: Using natural language processing, messages were categorized to form frequently asked questions, allowing for provider education to preemptively address the FAQs using available self-service tools and reduce the volume of future incoming  messages. 2.Intelligent Automated Responses: Using machine learning, models were created to read provider messages, predict message response, and reply to the providers without human interaction. Likely to Adjust: Predict if the claim associated for an incoming secure message will be adjusted, Likely to Re-inquire:  Predict if a provider is likely to re-inquire on an incoming secure message via secure message or other correspondence channel such as call center, mail, or fax, Rule Based Automation: Conduct NLP on the incoming provider questions to categorize under specific categories and automatically respond using pre-determined templates.",Healthcare,Health Plan - CM/UM,"Projected decrease of ~3% in incoming provider questions based on preemptive FAQ approach, projected decrease of ~9-12% in manual effort for secure messaging team through intelligent automated responses and improve accuracy and response time to provider messages, increasing provider satisfaction.","NLP, machine learning",TBD,TBD,TBD,TBD,Art Fitts,Balaji Ramdoss,TBD,"AI, ML, Artificial Intelligence, Machine Learning, health plan, plan, preemptive communication, intelligent automated responses, rule based automation, NLP, incoming provider questions, provider satisfaction, improved accuracy, improved response, provider messages, CM, UM, care management, utilization management, messaging, messages, plan, health plan, enquiry, re-enquiry, claims adjustment, communication, secure messaging, correspondence, provider correspondence, predict response, predict provider response, predict re-enquiry, predict reenquiry",Intelligent Secure Messaging.png,Data & AI,Financial Executive,Mitigate Compliance & Operational Risks,"Transformative Services,Operating Model Alignment"
Strategy Accelerator,Accelerator,"Developed by our Monitor Deloitte Strategy practice, StrategyAccelerator is a transformation program management tool that drives collaboration, transparency, and accountability from ideation through realization. StrategyAccelerator also enables integrated benefit tracking, dependency and risk management, and the ability to integrate with an existing ecosystem, such as a client's financial management system. ",Cross Industry ,Cross domain ,"Enabled real-time collaboration and reporting across multiple workstreams, significantly reducing time-to-report and time-to-decision; facilitated tracking and monitoring of RAID items and dependencies to provide visibility into the criticality, decision points, and timelines of different workstreams; provided high-level and initiative-level benefit and KPI tracking and reporting within a centralized, cloud-based tool rather than in disparate offline files with high stakeholder satisfaction.",Anaplan / Shibumi,3,3,"Geisinger, AdventHealth, Compassus, City of Davis, Altamed, ECU Health",TBD,Bill Siren,Emily Burnette,TBD,"Transformation, transformations, project management, change management, project charter, KPI tracking, value realization, stakeholder satisfaction, milestone, KPIs, benefit realization, PMO, strategy accelerator, benefit schedule, initiative charter, anaplan",Strategy Accelerator.png,"Digital Transformation,Other",Financial Executive,Mitigate Compliance & Operational Risks,"Service,Other"
Innowake,Productized Solution ,"Application Discovery solution uses automated diagnostic tools to capture information needed to prepare for legacy code modernization. By mapping application interactions and interdependencies, it helps create a roadmap that can reduce risk during the Transformation phase.",Cross Industry ,Cross domain ,"Discovery can reduce risk during code modernization by helping you understand the structure and interdependencies of legacy applications. It creates an inventory of all technical assets, which can help improve maintenance and operations, and delivers a strategy for future-state IT and modernization.",TBD,TBD,TBD,TBD,TBD,Bjoern Langmack,Stephen Hodges,TBD,"Diagnostic tool, legacy code modernization, code modernization, application discovery solution, risk reduction, IT, information technology, strategy, modernization, inventory, operations, maintenance, reduced risk, risk",Revenue Intellect.jpg,HC Operations Modernization ,Operational Executive,Optimize Supply & Service Costs,"Transformative Services,Operating Model Alignment,AI & Data Operations"
Process Bionics,Productized Solution ,"Center for Process Bionics disrupts the traditional approach to process mining and transformation using automated data driven approach, dynamic centralized platform and integrates Deloitte sector IP.",Cross Industry ,Cross domain ,"Improve Process Workflows, Optimization and Automation,Right-size and Re-distribute the Workforce , Streamline Performance Management and Inventory Reporting.","AI, NLP",7,1,Anthem,TBD,Robert Kaye,Robert Kaye,TBD,"Process mining, automation, transformation, data driven platform, claims, improve process workflows, optimization, automation, performance management, inventory reporting, claims",Innowake.jpg,Data & AI,Operational Executive,Optimize Supply & Service Costs,"AI Insights & Engagement,AI & Data Operations"
Atadata,Productized Solution,"The ATADATATM cloud management platform, in conjunction with Deloitte's strategic services and industry capabilities, helps businesses more rapidly plan, build, and operate innovative cloud solutions. ATADATA accelerates the move to as-a-service, consumption-based IT operations.",Cross Industry,Cross domain,"Simple console interface, completely agentless operations, and borderless automation, ATADATA maps, migrates, and manages enterprise-class workloads among any combination of on-premise hypervisors, including public and private cloud environments.",TBD,TBD,TBD,TBD,TBD,BJ Patel,Sonali Roy,TBD,"Cloud management platform, cloud management, cloud solutions, build, plan, service, IT, Information technology, IT operations, Information technology operations, automation, operations, cloud, on premise hypervisors, on-premise hypervisors",Process Bionics.jpg,Cloud,Operational Executive,Optimize Supply & Service Costs,"APP Modernization & Cloud Migration, Cloud Operate, Transformation Services"
Gardenia - Prior Authorization,Solution ,Health Plan agnostic Prior Authorization Clearinghouse Product that is capable of ingesting & hosting PA rules from any payor and can receive PA requests from any provider. The service will replace a portion the administrative cost currently incurred by plans to have staff review prior authorization decisions.The service provides high value to providers by giving them a single place and process for submitting PA requests to multiple payers & supports auto population of fields from the EMR.,Healthcare ,Provider and Plan - Operations,Value to Payers: The service will replace a portion the administrative cost currently incurred by plans to have staff review prior authorization decisions. Value to Providers: The service provides high value to providers by giving them a single place and process for submitting PA requests to multiple payers & supports auto population of fields from the EMR.,"GCP, FHIR Data Model, Dataflow, Pub/Sub, Healthcare API",TBD,TBD,TBD,TBD,Jeanette Yung,Dhiman Lahiri,TBD,"Health Plan, plan, payors, PA, pre-auth, pre auth, pre-authorization, pre authorization, pre auth approval, pre-auth approval, pre-authorization approval, pre authorization approval, auto approval, PA requests, pre auth requests, pre-authorization requests, pre authorization decision making, PA decisioning, Prior authorization decisioning, Prior auth decisioning, automation, reduced costs, EMR",ATADATA.jpg,Care Delivery Transformation,Operational Executive,Optimize Supply & Service Costs,"Health System Operations Optimization, Transformation Services"
Gardenia - Digital Front Door,Solution ,"A personalized product shopping experience for consumers. The MVP will establish foundational infrastructure to allow for interoperability and healthcare data aggregation to drive plan sales and demonstrate the potential for Analytics as-a-Service. Payers leverage personalized product recommendations to increase sales and retention of members. Payers require strategic and implementation assistance to establish a market advantage through opportunities presented by interoperability mandates. Providers can improve patient engagement starting with insurance sales all the way through to care delivery (i.e., keeping the door open). Analytics built on top of the GCP FHIR store would enable physicians a more holistic view of a patient, enabling more informed & complete care. A comprehensive view of population level demand for services will enable more precise network planning capabilities for health systems.",Healthcare ,Health Plan - Operations,"Value to Payers: Payers leverage personalized product recommendations to increase sales and retention of members.
Payers require strategic and implementation assistance to establish a market advantage through opportunities presented by interoperability mandates. Value to Providers: Providers can improve patient engagement starting with insurance sales all the way through to care delivery (i.e., keeping the door open).
Analytics built on top of the GCP FHIR store would enable physicians a more holistic view of a patient, enabling more informed & complete care.
A comprehensive view of population level demand for services will enable more precise network planning capabilities for health systems.","GCP, FHIR Data Model, Dataflow, Pub/Sub, Healthcare API",TBD,TBD,TBD,TBD,Jeanette Yung,Dhiman Lahiri,TBD,"Interoperability, drive sales, increase sales, sales, health plans, plans, providers, payors, analytics, patient engagement, insurance, care delivery, phsyician, patient, network planning, network planning capabilities, personalized product recommendations, product recommendations, retention, member retention, ",Gardenia_Prior Authorization.jpg,Care Delivery Transformation,Operational Executive,Optimize Supply & Service Costs,"Patient Experience Improvement,Transformation Services"
Labor Productivity Analytics,Solution ,"A comprehensive analytic application developed to replace a legacy Huron tool. The solution curated data from several sources(ERP, EHR, Rev Cycle etc.)  including manually maintained spend sheets for roll-ups and ratios to compute work units. ",Healthcare ,Health Provider - Operations,Monitor and drive productivity as well as influence FTE requests and recruitment efforts.,TBD,TBD,TBD,TBD,TBD,Dan Kinsella,Ashish Chhabra,TBD,"Analytics, analytics application, EPR, EHR, Rev cycle, RCM, Revenue cycle, productivity, increased productivity, FTE, recruitment, operations",Gardenia- Digital Front Door.jpg,Data & AI,Operational Executive,Optimize Supply & Service Costs,AI & Data Operations
Spend Analytics,Solution ,"Analytic application developed as part of the management intelligence platform to provide insights into spend for transparency as well as identify cost saving opportunities. Data is curated across several sources (ERP, EHR, benchmark, labs, pharmacy etc.) to provide a holistic view of the spend with rules and model driven methods for spend classification. ",Healthcare ,Health Provider - Operations,"identify saving potentials based on usage, contract terms, benchmarks and tier pricing available. ",TBD,TBD,TBD,TBD,TBD,Dan Kinsella,Ashish Chhabra,TBD,"Analytics, analytics application, analytical platform, automation, intelligence platform, cost saving, spends, operations, spend classification, saving potentials, saving,  contract terms, benchmarks, tier pricing",Labor productivity analytics.jpg,Data & AI,Operational Executive,Optimize Supply & Service Costs,AI Insights & Engagement
Management Intelligence Platform,Solution,"Integrated insights providing correlated intelligence across finance and operations for business unit, service line and Institute leaders. The data platform part of the Operational Analytics application at HHC has curated insights from over 10 core and ancillary applications, including 3rd party and publicly available data . AI models (developed in Python) are uses in several use cases including but not limited to workforce planning with attritions predictions, financial planning with forecasting models, improve user experience with defaults and recommendations for identifying analysis cohorts and SMART alert framework to minimize user click for targeted insights and intelligence. ",Healthcare ,Cross domain,"Attritions predictions, financial planning with forecasting models, improve user experience with defaults and recommendations for identifying analysis cohorts and SMART alert framework to minimize user click for targeted insights and intelligence. ",TBD,TBD,TBD,TBD,TBD,Dan Kinsella,Ashish Chhabra,TBD,"Automation, intelligence platform, finance, operations, data platform, operational analytics application, analytics, analytical platform, AI, artificial intelligence, AI models, artificial intelligence models, wokforce planning, financial planning, attrition, forecasting, forecasting models, user experience,  improve user experience, analysis cohorts, SMART alert framework, user clicks, attritions predictions, ",Spend analytics.jpg,Data & AI,Operational Executive,Optimize Supply & Service Costs,AI Insights & Engagement
Healthinteractive,Accelerator ,"HealthInteractive is cloud-based solution, offered as SAAS to the Health Plan clients designed specifically as a packaged solution with multiple capabilities including EDI 837 files transformations. Features are, ability to Read EDI 837 X12 file and convert to easily readable format (ex: XML/JSON), generate human readable reports for all X12 errors and acknowledgements, SLAs reports aligned with the CAQH Operating Rules etc., support SNIP (1-7) validations: 1-4 is out of the box while 5-7 is configurable. Areas Addressed are EDI 837 mapper, EDI Data generation (Convert XMLs to EDI X12).
",Healthcare ,Health Plan - Operations,"EDI Conversion, EDI Mappers, and EDI Validation.",TBD,TBD,TBD,TBD,TBD,TBD,TBD,TBD,EDI Operations,Management Intelligent platform.jpg,Cloud,Operational Executive,Operational Cost Saving,Cloud Machine Learning
Travis,Accelerator,"Transaction Validation at Scale (TRAVIS) is an EDI testing framework with set of accelerators and tools, that can be rapidly deployed to validate integrity and scalability of large volume business transactions with high degree of accuracy & speed for large transformation program. Features are, better risk coverage through Production Variety and Scale, automated reports helped with quick identification of Error claims, 100% Automation test helped to attain faster testing cycles. Areas addressed are Functional Equivalency, EDI Error and Exception Handling, Business / IT Operations Readiness.",Healthcare ,Health Plan - Operations,"Claim Volume Testing, Synthetic Data Generator.",TBD,TBD,TBD,TBD,TBD,TBD,TBD,TBD,"EDI Operations, ClaimTesting",Digital Clinician.png,Digital Transformation,Operational Executive,Operational Cost Saving,Service
Qvc For Digital Health,New Idea,"COVID proved two things, one, patients are willing to adopt digital health technology, and two, despite this openness, they remain out of the loop and unaware of which products would best meet their needs.We think there's an opportunity to create a QVC-like live-streaming channel that features different healthcare products. The Sales Development Representatives (SDRs) of various startups could come onto the channel and explain their solutions value. Patient reviews would be integrated, ensuring recommendations did not go unchecked, and the best products rose to the top.",Healthcare ,"Retail, Distributors",Digital Video Blogging,TBD,TBD,TBD,TBD,TBD,TBD,TBD,TBD,"Retail, Distribution",Smart UM.jpg,Digital Transformation,Operational Executive,Operational Cost Saving,TBD
Real Time Api For Doctor Capacity,New Idea,"Scheduling in healthcare is still a mess. Each provider uses multiple scheduling systems, and no one has a comprehensive view into the overall appointment capacity of a given provider network.Healthcare needs something like ITA for surfacing real-time provider capacity at a national scale to facilitate efficient appointment booking. Real-time scheduling requires minimal intervention of schedulers and thus can help reduce the waiting time caused by human factors. The available time slots are transparent to patients through our APP interface.",Healthcare ,Health Provider - Operations,"Member Management, User Experience.",TBD,TBD,TBD,TBD,TBD,TBD,TBD,TBD,Member Management,Digital Examiner.jpg,HC Operations Modernization,Operational Executive,Operational Cost Saving,TBD
Pre-Submission Claim Checks,New Idea,"Oppurtunity - Claims are often submitted with clear issues that will result in immediate rejections or denials. By informing providers of the likelihood of a denial pre-submission, the provider can take the appropriate actions to correct the claim to prevent unnecessary back-and-fourth. Solution - A machine learning solution that supports the claim submission process by predicting claims that are likely to be rejected or denied along with projected reasons prior to claim submission allowing providers to make the appropriate corrections prior to submission to limit preventable denials. ",Healthcare ,Health Plan - Operations,"Claims no longer submitted with issues that will result in a denial. Dollars saved on claims processing as less claims flow to adjudication system and claims examiners multiple times. Accelerates time to payment by preventing added time to send denials, prepare appeals, and rereview.",TBD,TBD,TBD,TBD,TBD,TBD,TBD,TBD,"Intake & Enrichment, Claim Status Checks,  Likely to Reject,  Duplicate Claim Identification ",High Dollar Claims.png,"Data & AI,Claim Operations",Operational Executive,Operational Cost Saving,TBD
Ai Authorization Review,New Idea,"Oppurtunity: Specific provider, plan, and procedure combinations yield authorization rates that are consistently high. By removing extraneous authorization and substantiation requirements, providers and payers will have a reduced burden both submitting and reviewing requests. Solution:A machine learning solution that supports authorization process by proactively reviewing what authorizations / information or documentation is required for authorizations to be approved. Two open APIs support this solution: 1. an API that receives patient, provider, and procedure information and returns if an authorization is needed and details of the supporting documentation required 2. an API that receives lookup value for authorization request submitted and returns current status.",Healthcare ,Health Plan - Operations,"Reduce Unnecessary Reviews of procedures that are rarely rejected, increasing availability for more complex, high value authorizations. Dollars saved on authorization submission / processing with ability to submit and review more easily with less information. Accelerate Speed to Service by removing unnecessary authorization hurdles that delay the administration of procedures and payment.",TBD,TBD,TBD,TBD,TBD,TBD,TBD,TBD,"Auth Submission,  AI Authorization Review,  Intelligent Claim Attachment Extraction, ",Program Integrity.png,"Care Management,Data & AI",Operational Executive,Operational Cost Saving,TBD
Authorization Apis,New Idea,"Oppurtunity: Providers have to go into payer systems to confirm if authorization are required, the supporting documentation needed, and the current status. By having an open API that providers can configure their systems to utilize they could run automated checks without going to the external site. Solution: Two open APIs support this solution: 1) an API returns if an authorization is needed and details of the supporting documentation required 2) an API that returns current status. a. The solution is 2 Representational State Transfer (REST) APIs, b. The APIs preform a lookup of the required information based on provided inputs, c. APIs can be created to support both individual and bulk calls for more flexible provider integration.",Healthcare ,Provider and Plan - EMR Integration/Data Exchange ,Reduces manual checks of both authorization requirements and statuses. Providers are more informed on authorization requirements minimizing non-authorized procedures that are not reimbursed. Accelerates time to care by facilitating better supported authorization requests and embedded statuses.,TBD,TBD,TBD,TBD,TBD,TBD,TBD,TBD,"Enablement & Intelligence, Auth Submission,  AI Authorization Review,  Intelligent Claim Attachment Extraction",Intelligent Secure Messaging.png,"Care Management,Data & AI",Operational Executive,Operational Cost Saving,TBD
Claim Status Checks,New Idea,"Opportunity: After claim submission, providers monitor its status through the payer portal/payer calls. Having the status be retrieved by an API and noted directly in the providers EMR and a chat bot to provide more information can reduce manual efforts/payer calls. Solution: An API that receives claim information and returns the current status along with a conversational AI Chat-Bot that can provide additional status details to the provider. ",Healthcare ,Provider and Plan - EMR Integration/Data Exchange ,Reduces manual checks of both authorization requirements and statuses. Dollars saved on provider services due to a reduction in call volume driven by status checks. Provider workflow improvements from information now made available in EMR for work queue routing.,TBD,TBD,TBD,TBD,TBD,TBD,TBD,TBD,Pre-Submission Claim Checks,Strategy Accelerator.png,"Data & AI, Claim Operations",Operational Executive,Operational Cost Saving,TBD
Provider Driven Data Management,New Idea,"Opportunity: Provider Data Management occurs through multiple inconsistent channels leading to multiple versions of provider data, causing administrative burden, patient care delays, reworking of claims/denials, data mismatches, and patient issues with identifying in-network providers accurately. Solution: An AI Algorithm works across provider, payer, and external data sources to appropriately determine a single source of truth for provider enrollment. The program then provides these corrections and insights back to the provider and payer.",Healthcare ,Provider and Plan - EMR Integration/Data Exchange ,Reduction in number of provider records needing reviewed and updated. Denials reduction due to corrected provider information. Accelerates time to validate and confirm discrepancies between systems before it impacts billing.,TBD,TBD,TBD,TBD,TBD,TBD,TBD,TBD,Auto-Onboarding Credentialing Tool?,Revenue Intellect.jpg,Data & AI,Operational Executive,Operational Cost Saving,TBD
Auto-Onboarding / Credentialing Tool,New Idea,"Opportunity: Provider onboarding is currently a disjointed process, with new practitioners experiencing delays in being onboarded and credentialed by the Payer, resulting in delays in a practitioners ability to see patients.  Increased efficiencies can be realized by utilizing a single data source to conduct onboarding and credentialing. Solution:When a provider has a new practitioner to onboard to the payer, they can utilize a single channel / input form using a third party data source (i.e. CAQH), and the payer can provide real-time validation and credentialing. ",Healthcare ,Provider and Plan - EMR Integration/Data Exchange,Reduces manual onboarding and credentialing processes. Additional Dollars earned by allowing practitioners to see patients sooner. Reduces validation time.,TBD,TBD,TBD,TBD,TBD,TBD,TBD,TBD,Provider Driven Data Management,Program Integrity.png,Data & AI,Operational Executive,Operational Cost Saving,TBD
Auth Submission /Interqual Connect,New Idea,"Opportunity: The authorization submission and review process can be highly time consuming for both the provider and payer. By implementing a direct connection between provider/payer authorization systems, simple authorizations can be automated and provided in real time, while complex authorizations can be managed more effectively to reduce review efforts required. Solution: Via a custom or third party connection, providers can transmit authorizations directly to the payer within their systems. Requests received can be automatically approved in real time or additional records or substantiation can be collected.",Healthcare ,Health Plan - Operations,Reduces data entry error at the point of authorization submission. Dollars saved on authorization processing as claims come in with more accurate information and detail. Accelerates time to payment by providing automatic authorizations for simple procedures.,TBD,TBD,TBD,TBD,TBD,TBD,TBD,TBD,AI Authorization Review,Intelligent Secure Messaging.png,"Care Management,Data & AI",Operational Executive,Operational Cost Saving,TBD
Patient Liability Estimation,New Idea,Opportunity: Failure to appropriately estimate and collect patient liability at the point of service can reduce a providers patient collection rate. A tool can be used during scheduling or at the point of service to calculate a unique patient estimate. The estimate can then be used to collect payments up front. Solution: The tool will be providing a liability estimate using by reading into the Plan fee schedules and cross referencing this data with the patients service history for the year. This information can be accessed directly in provider systems via an API call.,Healthcare ,Provider and Plan - EMR Integration/Data Exchange,Total patient visits that could benefit from up front collection. Increase in patient liability collection rate by increasing percent collected up front. Accelerates patient liability received times by collecting at POS instead of during the billing process.,TBD,TBD,TBD,TBD,TBD,TBD,TBD,TBD,Provider Payment Estimation / Accelerator?,Strategy Accelerator.png,HC Operations Modernization,Operational Executive,Operational Cost Saving,TBD
Provider Payment Estimation /Accelerator,New Idea,"Opportunity: Incorrect pricing during the billing and payment process can result in a costly back-and-forth process between the provider and payer. By moving the payment process upstream, these issues can be caught earlier and the provider can receive payment closer to or at the point of service. Solution: The calculator will be able to intake patient, plan, and procedure/visit information via API to estimate provider payment. If the result has a high level of certainty, payment can be released at the point of service and reconciled during billing.?",Healthcare ,Provider and Plan - Pricing Estimation/Contract Pricing ,Eligible procedures and visits to benefit from estimate or acceleration. Decrease in downstream appeal costs due to payment calculation issues being caught earlier. Reduce the payment time required through release at the point of service.,TBD,TBD,TBD,TBD,TBD,TBD,TBD,TBD,Patient Liability Estimation?,Revenue Intellect.jpg,Data & AI,Operational Executive,Operational Cost Saving,TBD
Contract Pricing Rules Extraction,New Idea,"Opportunity: Contract variance can result in incorrect or out of date pricing uploaded. Variance between the providers expected payment and the payment received from the payer can result in manual efforts by both parties to confirm claims were paid accurately. Through an extraction tool the upload and testing of new rates can be accelerated. Solution:A NLP tool reads the contract, extracts pricing rules, and builds out the corresponding pricing models in payer systems. Using these rules, the tool can then build out a mock claim and a corresponding detailed pricing calculation to test the upload. ",Healthcare ,Provider and Plan - Pricing Estimation/Contract Pricing ,Number of provider contracts that could benefit from this tool. Appeals reduced from improved alignment between provider/payer calculations. Reduction in entry efforts required to add new contracts to the model.,TBD,TBD,TBD,TBD,TBD,TBD,TBD,TBD,"Patient Liability Estimation,  Provider Payment Estimation / Accelerator, Payment Calculation Transparency",Innowake.jpg,Data & AI,Operational Executive,Operational Cost Saving,TBD
Patient Data Collection,New Idea,"Opportunity: The provider and patient work to collect all of the appropriate medical records prior to a visit/procedure. This can be highly time consuming and missing information can result in delayed or uninformed care. Since the payer is aware of a patients past visits across providers, they can help facilitate better data transmission. Solution: Through a connection to the providers EMR/scheduling system, the payer can identify when a member is scheduled for a visit and transmit both information the payer has (e.g. eligibility / past procedures) and  information other providers has (via connection to their EMRs).",Healthcare ,Provider and Plan - EMR Integration/Data Exchange,Number of visits that could benefit from accelerated patient information collection. Reduction in provider time spent per new patient collecting and inputting details. Improved patient experience with more informed doctors / limited care delays.,TBD,TBD,TBD,TBD,TBD,TBD,TBD,TBD,Patient Liability Estimation,Process Bionics.jpg,HC Operations Modernization,Operational Executive,Operational Cost Saving,TBD
Payment Calculation Transparency,New Idea,"Opportunity: Variance between the providers expected payment and the payment received from the payer can result in manual efforts by both parties to confirm which calculation is accurate. By giving providers access to the calculation used when determining the payment received and the referenced contracts they can quickly confirm if it is a payer issue. Solution: A feature on the payer portal can allow the provider to pull up any paid claim. On this page, a provider can see the exact calculation used to determine the paid amount and the referenced rate sheet / contracts.?",Healthcare ,Provider and Plan - Pricing Estimation/Contract Pricing,Number of underpayment appeals avoided through provider self service. Reduction in provider time spent analyzing provider underpayment appeals that are inaccurate. Less days required to confirm if a potential underpayment was accurate.,TBD,TBD,TBD,TBD,TBD,TBD,TBD,TBD,"Contract Rules Pricing Extraction,  Provider Payment Estimation /Accelerator",ATADATA.jpg,HC Operations Modernization ,Operational Executive,Operational Cost Saving,TBD
Care Recommendation,New Idea,"An integrated voice bots enabled solution available to members by health plan for engaging members with the simple questions to assess symptoms and severity of health conditions in natural language.
",Healthcare ,Health Plan - Operations,"Searching through the nearest best possible care settings, providing all possible details about the selected providers covering distance, ratings, wait time, patients testimonials, expenses related information, etc. Based on severity of condition provide telemedicine care through counselors, and first aids through secure video on available screens.
",TBD,TBD,TBD,TBD,TBD,TBD,TBD,TBD,Care Recommendation,Gardenia_Prior Authorization.jpg,Care Delivery Transformation,People Executives,Improve Employee Productivity,TBD
Augmented And Mixed Reality,New Idea,AR/VR can help hospitals/buyers make the right buying decisions for medical devices without having to go through content heavy manuals & can also help student learn better using a mixed reality experience which is a huge shift from traditional classroom learning.,Healthcare ,"Retail, Distributors",Visual approach to educte the potential buyers on a healthcare product.,TBD,TBD,TBD,TBD,TBD,TBD,TBD,TBD,Care Recommendation,Gardenia- Digital Front Door.jpg,Care Delivery Transformation,Financial Executive,Improve Employee Productivity,TBD
Health Connect,New Idea,Healthconnect solutions provides better manage home and community based care with chat video and messaging channels and this helps in access to Health Information when connected to broader system via interoperability.,Healthcare ,Health Plan - Operations,Better care to the member.,TBD,TBD,TBD,TBD,TBD,TBD,TBD,TBD,Care Management,Labor productivity analytics.jpg,Virtual Health,Operational Executive,Optimize Supply & Service Costs,TBD
Interactrx,New Idea,"Identifies fair market value (FMV) for physician compensation, tracks health care provider (HCP) rate activity and provides reporting analytics for fast and careful analysis of FMV data.",Healthcare ,Health Provider - Operations,Help the provider for better compensation.,TBD,TBD,TBD,TBD,TBD,TBD,TBD,TBD,Compensation,Spend analytics.jpg,Data & AI,Financial Executive,Improve Employee Productivity,TBD
Deloitteassist,New Idea,"DeloitteASSIST puts a nurse at the patient's bedside 24/7. Using smart-speaker hardware, this solution provides voice-activated bedside assistance.",Healthcare,Health Provider - Clinical Operations,"Virtual health care to a member, with a 24*7 medical support.",TBD,TBD,TBD,TBD,TBD,TBD,TBD,TBD,"Virtual Care, Value Based Care",Management Intelligent platform.jpg,Virtual Health,People Executives,Optimize Supply & Service Costs,TBD
CH Miner,Productized Solution ,"The ConvergeHEALTH Miner Evidence Suite enables life sciences companies to transform how they manage, analyze, and share real-world data and other digital health data. This enables organizations to dramatically decrease the cycle time for insight and evidence generation, foster collaboration, and amplify the impact of these insights and evidence.",Lifesciences,Life Sciences R&D,"ConvergeHEALTH Miner Evidence Suite expands the use of real-world data and other digital health data across the product life cycle by: Breaking down traditional silos by providing a marketplace experience to easily discover data, insights, and evidence across the enterprise, enabling a broader set of stakeholders to analyze complex data through a comprehensive set of intuitive, self-service analytical applications that allow users to rapidly define cohorts, generate descriptive statistics, analyze treatment pathways, understand duration of therapy, compare effectiveness, and calculate incidence and prevalence, decreasing the time it takes to generate insights and evidence, driving innovation through an open architecture, microservices, and APIs that accelerate custom application development and allow the integration of third-party tools, fostering collaboration and knowledge-sharing across the enterprise through a user-centric design tailored to multiple personas, from business users to researchers to data scientists, creating a more data-driven ecosystem",TBD,TBD,TBD,"Merck, AZ, Gilead, Takeda, Pfizer",TBD,Jeff Morgan,Nishant Aggarwal,TBD,"real-world data, cycle time, self-service analytical applications, cohorts, descriptive statistics, therapy, effectiveness, incidence, prevalence",Digital Clinician.png,Data & AI,Operational Executive,Other,AI Insights & Engagement
CH Miner Access,Productized Solution ,"CH Miner Access offers products and services that help organizations define contracting and pricing relationships, enabling increased access and improved outcomes.
",Healthcare,Cross Domain - Pricing/Contract Management,"Helps to enable real-time, benchmarked insights on all contract scenarios, Create and design a new model to estimate future projections for a Drug. It also offers a platform to comply with state price transparency reporting obligations. The platform allows users to house and stay informed on all current state price transparency laws while also having a mechanism to automate and track the compliance responsibilities associated with the state price transparency reporting requirements.","Contracting Data, Pricing Data, Python rule engine to determine states where a drug prices have to be reported",TBD,2,"Pfizer, Vertex",TBD,David Carlson,David Carlson / Nishant Aggarwal,TBD,"contracting, pricing, relationships,  projections, Drug, transparency, reporting obligations, automation",Smart UM.jpg,"ERP+,HC Operations Modernization,Digital Transformation",Financial Executive,Optimize Supply & Service Costs,"Finance,Supply Chain"
CGI Connect,Productized Solution ,CGI Connect is a network enabled data exchange platform that facilitates seamless coordination of patient journeys in managing NextGen therapies by providing a standardized platfrom between providers and CGT manufacturers. ,Lifesciences,Life Sciences R&D,The CGI Connect product will have the ability to provide a one-stop shop solution for the entire CGT patient journey by becoming an industry standard utility enabling providers to schedule patients for mulitple therapies across multiple manufacturers.  It addresses a major pain point of the provider managing cell and gene therapies who currently have to log into mulitple different portals for every new therapy that is launched in the market by a manufacturer. It also provides significant cost savings for manufacturer or CGT sponsors who typically have to spend millions of dollars and years of implementation timeline in adapting their digital ecosystems to cell and gene therapies. ,"Core capabilities of CGI Connect will focus on clinical processes for autologous cell therapy including Patient Enrollment & Scheduling, Order Tracking, and Finished Product Delivery. The product is built on the AWS platform and will have an external facing portal for investigators to log in while the network will be maintained on the backend to support mulitple manufacturers.",NA,NA,"Currently, there are mulitple clients who have demonstrated interest in partnering for the development of the product. Some of these include TCR2, AstraZeneca, Bluebird Bio, and an operations porvider called Be The Match.",TBD,"Sid Karia, Rajesh Singh",Rajesh Sivanandadasan / Shynish Maru,TBD,"network, data exchange, therapies, providers, CGT manufacturers, one-stop shop solution, cost savings, cell, gene therapies ",Digital Examiner.jpg,"Care Delivery Transformation,Cloud,Digital Transformation",Life Sciences (Cell & Gene Therapy) Manufacturers,TBD,"Patient Experience Improvement,Experience & Engagement"
CH Care Intellect,Productized Solution ,"The Intellect suite is a cloud-based, guided-analytics solution designed specifically for health care providers to help them maximize and sustain financial margin, through clinical variation management. 
",Healthcare ,Health Provider - Operations,"Opportunity assessment: Compare variation in care patterns within clinical bundles cost across a health system and among physicians to identify improvement opportunity. Quality indicators: Mortality and readmission rates (e.g. CMS 30-day all-cause). Supplies and pharmacy: Drill into detailed charge-level data to find insights into usage patterns of drugs, supplies, etc.; identify candidates for substitution or elimination. Length of stay: Insights into excess days, level of care, discharge location patterns driving cost overages. Initiative tracking: Dashboards and targeted initiative tracking allow organizations to monitor progress/successes, and course-correct as necessary","AWS Cloud technologies - Redshift, Lambda, S3/QlikSense for loading the backend data into system's memory/ Web technologies such as Angular, NodeJS, Custom chart liberaries",11,2,UnityPoint,TBD,Jeff Pasqua,Jeff Pasqua,TBD,"cloud, analytics, Revenue cycle analytics",High Dollar Claims.png,"Care Delivery Transformation,Cloud,Data & AI,Digital Transformation",Health Care Providers,BI analytics solution impacting overall cost on clinical practices,"Payment Model Design,Cloud Operate,AI & Data Operations"
CH Revenue Intellect,Productized Solution ,"The Intellect suite is a cloud-based, guided-analytics solution designed specifically for health care providers to help them maximize and sustain financial margin, through revenue cycle and clinical variation management. Revenue Intellect is focused on Revenue cycle analytics that helps identify areas where providers are leaving net revenue on the table due to a breakdown in process or external factors.
",Healthcare ,Health Provider - Revenue Cycle,"Denial Analytics: Use Revenue Intellect to go from what to who and why in denials prevention. Easily dive into dozens of explanatory variables, such as root cause areas, and stratifications by facility, payer, physician, and service type. Insights into recovery rate, how well denials are being retrospectively addressed. AR management: Analyze AR performance through both traditional ATB analyses as well through advanced visualizations. Use cash curves to gain insight into speed-to-pay and performance of payers vs. expected. Clinical documentation improvement: Analytics to identify clinical cohorts that could benefit from improved accuracy and completeness of documentation leading to improved financial reimbursement and quality reporting. Charge capture: Targeted analyses aimed at identifying charge capture issues in common problem areas, such as ED and Observation injections, infusions, and bedside procedures","AWS Cloud technologies - Redshift, Lambda, S3/QlikSense for loading the backend data into system's memory/ Web technologies such as Angular, NodeJS, Custom chart liberaries",19,11,"MayoClinic, CHI, BJC, Unity Point",TBD,Jeff Pasqua,Jeff Pasqua,TBD,"cloud, analytics, Revenue cycle analytics",Program Integrity.png,"Care Delivery Transformation,Cloud,Data & AI,Digital Transformation",Health Care Providers,Analytics related to revenue cycle management KPIs impacting overall revenue of a hospital,"Payment Model Design,AI Insights & Engagement"
Care Model Insights,Solution,CareModel Insights applies Deloitte proprietary methodology and market trends to client data to pinpoint and quantify financial risks associated with hospital service shifts to lower-acuity ambulatory settings.,Healthcare ,Health Provider - Operations,"Identify potential disease states that are changing site of care, Quantify margin impact of various care shift options, Highlight contestable volume, specifically in clinical areas using remote care advances, Subscription enables ongoing market reality monitoring and supports organizational change.",TBD,TBD,TBD,TBD,TBD,TBD,TBD,TBD,"Analytics,  analytical platform, Data science, Financial Risk, Capital Planning, Financial Planning, Financial assessment, Financial forecasting, budget forecasting, workforce planning, ROI, Return on Investment, cost saving, ambulatory model, ambulatory care, ambulatory network, forecasting, telemedicine, clinical care model, care model, virtual care, remote care, change management, home hospital, home healthcare, digital transformatiom, cost optimization, patient experience, care delivery",Intelligent Secure Messaging.png,TBD,TBD,TBD,TBD
Mypath For Connected Care,Solution,"This platform delivers capabilities by enabling personalized treatment plans, more efficient workflows, and improved visibility of adherence to at-home care plans.",Healthcare,Health Provider - Clinical Operations,"Empowers patients on their own health journeys with their own devices in an easy-to-use interactive application thanks to Apple's Health Kit, Designs continuous strategies and builds capabilities that deploy patient-centered, virtual home care.",TBD,TBD,TBD,TBD,TBD,TBD,TBD,TBD,"at home care, virtual care, interactive application, patient centered",Strategy Accelerator.png,TBD,TBD,TBD,TBD
Converge Health Connect,Productized Solution,"ConvergeHEALTH Connect (CHC) for Life Sciences is an industry-leading, high-touch digital solution built on Salesforce Health Cloud. This digital patient experience platform empowers companies to directly manage and deliver personalized patient engagement and support services across global markets, communication channels, and the full treatment ecosystem, improving adherence, care coordination, and outcomes.",Lifesciences,Life Sciences - Service Excellence and Patient Engagement,"Helps provider organizations attract, retain and engage patients, Enhance coordination to efficiently manage and deliver patient support, virtual care, care at home and remote monitoring capabilities.",Delivered as an upgradabe managed package on Salesforce Health Cloud CRM,TBD,TBD,TBD,TBD,Amarinder Sidhu,Amarinder Sidhu,TBD,"personalized engagement, retain and engage patients, patient support, virtual care, care at home, remote monitoring",Revenue Intellect.jpg,"Care Delivery Transformation,Cloud,Digital Transformation",Life Sciences Operational Executive,"Accelerate patient onboarding and access to therapy?, Patient Insights","Patient Experience Improvement,Experience & Engagement,Cloud Operate"
